"Points : 0", "Points : 1", "Points : 2","i", "j", "k","active : 0", "active : 1", "active : 2"
-0.95, 0, 0.03, 0, 0, 0, 0, 0, 0
-0.828333, 0, 0.03, 1, 0, 0, 0, 0, 0
-0.706667, 0, 0.03, 2, 0, 0, 0, 0, 0
-0.585, 0, 0.03, 3, 0, 0, 0, 0, 0
-0.463333, 0, 0.03, 4, 0, 0, 0, 0, 0
-0.341667, 0, 0.03, 5, 0, 0, 0, 0, 0
-0.22, 0, 0.03, 6, 0, 0, 0, 0, 0
-0.95, 0.145, 0.03, 0, 1, 0, 0, 0, 0
-0.828333, 0.145, 0.03, 1, 1, 0, 0, 0, 0
-0.706667, 0.145, 0.03, 2, 1, 0, 0, 0, 0
-0.585, 0.145, 0.03, 3, 1, 0, 0, 0, 0
-0.463333, 0.145, 0.03, 4, 1, 0, 0, 0, 0
-0.341667, 0.145, 0.03, 5, 1, 0, 0, 0, 0
-0.22, 0.145, 0.03, 6, 1, 0, 0, 0, 0
-0.95, 0.29, 0.03, 0, 2, 0, 0, 0, 0
-0.828333, 0.29, 0.03, 1, 2, 0, 0, 0, 0
-0.706667, 0.29, 0.03, 2, 2, 0, 0, 0, 0
-0.585, 0.29, 0.03, 3, 2, 0, 0, 0, 0
-0.463333, 0.29, 0.03, 4, 2, 0, 0, 0, 0
-0.341667, 0.29, 0.03, 5, 2, 0, 0, 0, 0
-0.22, 0.29, 0.03, 6, 2, 0, 0, 0, 0
-0.95, 0.435, 0.03, 0, 3, 0, 0, 0, 0
-0.828333, 0.435, 0.03, 1, 3, 0, 0, 0, 0
-0.706667, 0.435, 0.03, 2, 3, 0, 0, 0, 0
-0.585, 0.435, 0.03, 3, 3, 0, 0, 0, 0
-0.463333, 0.435, 0.03, 4, 3, 0, 0, 0, 0
-0.341667, 0.435, 0.03, 5, 3, 0, 0, 0, 0
-0.22, 0.435, 0.03, 6, 3, 0, 0, 0, 0
-0.95, 0.58, 0.03, 0, 4, 0, 0, 0, 0
-0.828333, 0.58, 0.03, 1, 4, 0, 0, 0, 0
-0.706667, 0.58, 0.03, 2, 4, 0, 0, 0, 0
-0.585, 0.58, 0.03, 3, 4, 0, 0, 0, 0
-0.463333, 0.58, 0.03, 4, 4, 0, 0, 0, 0
-0.341667, 0.58, 0.03, 5, 4, 0, 0, 0, 0
-0.22, 0.58, 0.03, 6, 4, 0, 0, 0, 0
-0.95, 0.725, 0.03, 0, 5, 0, 0, 0, 0
-0.828333, 0.725, 0.03, 1, 5, 0, 0, 0, 0
-0.706667, 0.725, 0.03, 2, 5, 0, 0, 0, 0
-0.585, 0.725, 0.03, 3, 5, 0, 0, 0, 0
-0.463333, 0.725, 0.03, 4, 5, 0, 0, 0, 0
-0.341667, 0.725, 0.03, 5, 5, 0, 0, 0, 0
-0.22, 0.725, 0.03, 6, 5, 0, 0, 0, 0
-0.95, 0.87, 0.03, 0, 6, 0, 0, 0, 0
-0.828333, 0.87, 0.03, 1, 6, 0, 0, 0, 0
-0.706667, 0.87, 0.03, 2, 6, 0, 0, 0, 0
-0.585, 0.87, 0.03, 3, 6, 0, 0, 0, 0
-0.463333, 0.87, 0.03, 4, 6, 0, 0, 0, 0
-0.341667, 0.87, 0.03, 5, 6, 0, 0, 0, 0
-0.22, 0.87, 0.03, 6, 6, 0, 0, 0, 0
-0.95, 0, 0.186667, 0, 0, 1, 0, 0, 0
-0.828333, 0, 0.186667, 1, 0, 1, 0, 0, 0
-0.706667, 0, 0.186667, 2, 0, 1, 0, 0, 0
-0.585, 0, 0.186667, 3, 0, 1, 0, 0, 0
-0.463333, 0, 0.186667, 4, 0, 1, 0, 0, 0
-0.341667, 0, 0.186667, 5, 0, 1, 0, 0, 0
-0.22, 0, 0.186667, 6, 0, 1, 0, 0, 0
-0.95, 0.145, 0.186667, 0, 1, 1, 0, 0, 0
-0.833127, 0.152171, 0.198658, 1, 1, 1, 1, 1, 1
-0.712401, 0.157188, 0.155067, 2, 1, 1, 1, 1, 1
-0.578016, 0.154723, 0.130649, 3, 1, 1, 1, 1, 1
-0.446875, 0.117372, 0.232793, 4, 1, 1, 1, 1, 1
-0.337685, 0.110771, 0.239437, 5, 1, 1, 1, 1, 1
-0.22, 0.145, 0.186667, 6, 1, 1, 0, 0, 0
-0.95, 0.29, 0.186667, 0, 2, 1, 0, 0, 0
-0.83346, 0.30761, 0.194096, 1, 2, 1, 1, 1, 1
-0.718081, 0.316118, 0.154065, 2, 2, 1, 1, 1, 1
-0.583011, 0.280988, 0.151386, 3, 2, 1, 1, 1, 1
-0.465916, 0.262673, 0.220328, 4, 2, 1, 1, 1, 1
-0.353291, 0.269839, 0.2219, 5, 2, 1, 1, 1, 1
-0.22, 0.29, 0.186667, 6, 2, 1, 0, 0, 0
-0.95, 0.435, 0.186667, 0, 3, 1, 0, 0, 0
-0.834375, 0.449346, 0.195684, 1, 3, 1, 1, 1, 1
-0.708176, 0.434019, 0.162342, 2, 3, 1, 1, 1, 1
-0.57147, 0.402182, 0.164079, 3, 3, 1, 1, 1, 1
-0.471355, 0.426081, 0.206825, 4, 3, 1, 1, 1, 1
-0.357071, 0.43732, 0.205355, 5, 3, 1, 1, 1, 1
-0.22, 0.435, 0.186667, 6, 3, 1, 0, 0, 0
-0.95, 0.58, 0.186667, 0, 4, 1, 0, 0, 0
-0.831247, 0.582318, 0.195802, 1, 4, 1, 1, 1, 1
-0.707994, 0.58209, 0.184707, 2, 4, 1, 1, 1, 1
-0.584062, 0.579539, 0.184473, 3, 4, 1, 1, 1, 1
-0.464481, 0.577298, 0.19512, 4, 4, 1, 1, 1, 1
-0.339872, 0.581125, 0.188757, 5, 4, 1, 1, 1, 1
-0.22, 0.58, 0.186667, 6, 4, 1, 0, 0, 0
-0.95, 0.725, 0.186667, 0, 5, 1, 0, 0, 0
-0.83027, 0.730555, 0.191054, 1, 5, 1, 1, 1, 1
-0.711257, 0.749735, 0.19405, 2, 5, 1, 1, 1, 1
-0.593148, 0.754545, 0.191495, 3, 5, 1, 1, 1, 1
-0.46523, 0.726443, 0.185747, 4, 5, 1, 1, 1, 1
-0.326506, 0.709605, 0.181586, 5, 5, 1, 1, 1, 1
-0.22, 0.725, 0.186667, 6, 5, 1, 0, 0, 0
-0.95, 0.87, 0.186667, 0, 6, 1, 0, 0, 0
-0.828333, 0.87, 0.186667, 1, 6, 1, 0, 0, 0
-0.706667, 0.87, 0.186667, 2, 6, 1, 0, 0, 0
-0.585, 0.87, 0.186667, 3, 6, 1, 0, 0, 0
-0.463333, 0.87, 0.186667, 4, 6, 1, 0, 0, 0
-0.341667, 0.87, 0.186667, 5, 6, 1, 0, 0, 0
-0.22, 0.87, 0.186667, 6, 6, 1, 0, 0, 0
-0.95, 0, 0.343333, 0, 0, 2, 0, 0, 0
-0.828333, 0, 0.343333, 1, 0, 2, 0, 0, 0
-0.706667, 0, 0.343333, 2, 0, 2, 0, 0, 0
-0.585, 0, 0.343333, 3, 0, 2, 0, 0, 0
-0.463333, 0, 0.343333, 4, 0, 2, 0, 0, 0
-0.341667, 0, 0.343333, 5, 0, 2, 0, 0, 0
-0.22, 0, 0.343333, 6, 0, 2, 0, 0, 0
-0.95, 0.145, 0.343333, 0, 1, 2, 0, 0, 0
-0.828437, 0.151097, 0.344619, 1, 1, 2, 1, 1, 1
-0.709308, 0.15562, 0.339275, 2, 1, 2, 1, 1, 1
-0.58428, 0.148516, 0.333984, 3, 1, 2, 1, 1, 1
-0.45683, 0.127213, 0.361283, 4, 1, 2, 1, 1, 1
-0.340476, 0.126383, 0.365642, 5, 1, 2, 1, 1, 1
-0.22, 0.145, 0.343333, 6, 1, 2, 0, 0, 0
-0.95, 0.29, 0.343333, 0, 2, 2, 0, 0, 0
-0.829766, 0.30718, 0.344011, 1, 2, 2, 1, 1, 1
-0.715013, 0.313833, 0.333621, 2, 2, 2, 1, 1, 1
-0.582935, 0.279479, 0.333045, 3, 2, 2, 1, 1, 1
-0.466939, 0.273455, 0.358709, 4, 2, 2, 1, 1, 1
-0.353603, 0.27991, 0.364605, 5, 2, 2, 1, 1, 1
-0.22, 0.29, 0.343333, 6, 2, 2, 0, 0, 0
-0.95, 0.435, 0.343333, 0, 3, 2, 0, 0, 0
-0.831112, 0.450256, 0.343773, 1, 3, 2, 1, 1, 1
-0.704422, 0.432872, 0.333652, 2, 3, 2, 1, 1, 1
-0.568004, 0.398853, 0.337511, 3, 3, 2, 1, 1, 1
-0.46782, 0.427559, 0.352235, 4, 3, 2, 1, 1, 1
-0.352111, 0.435692, 0.353478, 5, 3, 2, 1, 1, 1
-0.22, 0.435, 0.343333, 6, 3, 2, 0, 0, 0
-0.95, 0.58, 0.343333, 0, 4, 2, 0, 0, 0
-0.829027, 0.581855, 0.345717, 1, 4, 2, 1, 1, 1
-0.704873, 0.577103, 0.345183, 2, 4, 2, 1, 1, 1
-0.582146, 0.57551, 0.346679, 3, 4, 2, 1, 1, 1
-0.463903, 0.579571, 0.345842, 4, 4, 2, 1, 1, 1
-0.340564, 0.579762, 0.341807, 5, 4, 2, 1, 1, 1
-0.22, 0.58, 0.343333, 6, 4, 2, 0, 0, 0
-0.95, 0.725, 0.343333, 0, 5, 2, 0, 0, 0
-0.828562, 0.726945, 0.34569, 1, 5, 2, 1, 1, 1
-0.707283, 0.730287, 0.350343, 2, 5, 2, 1, 1, 1
-0.586407, 0.730866, 0.351515, 3, 5, 2, 1, 1, 1
-0.463545, 0.724096, 0.341392, 4, 5, 2, 1, 1, 1
-0.33766, 0.719523, 0.332591, 5, 5, 2, 1, 1, 1
-0.22, 0.725, 0.343333, 6, 5, 2, 0, 0, 0
-0.95, 0.87, 0.343333, 0, 6, 2, 0, 0, 0
-0.828333, 0.87, 0.343333, 1, 6, 2, 0, 0, 0
-0.706667, 0.87, 0.343333, 2, 6, 2, 0, 0, 0
-0.585, 0.87, 0.343333, 3, 6, 2, 0, 0, 0
-0.463333, 0.87, 0.343333, 4, 6, 2, 0, 0, 0
-0.341667, 0.87, 0.343333, 5, 6, 2, 0, 0, 0
-0.22, 0.87, 0.343333, 6, 6, 2, 0, 0, 0
-0.95, 0, 0.5, 0, 0, 3, 0, 0, 0
-0.828333, 0, 0.5, 1, 0, 3, 0, 0, 0
-0.706667, 0, 0.5, 2, 0, 3, 0, 0, 0
-0.585, 0, 0.5, 3, 0, 3, 0, 0, 0
-0.463333, 0, 0.5, 4, 0, 3, 0, 0, 0
-0.341667, 0, 0.5, 5, 0, 3, 0, 0, 0
-0.22, 0, 0.5, 6, 0, 3, 0, 0, 0
-0.95, 0.145, 0.5, 0, 1, 3, 0, 0, 0
-0.828333, 0.145, 0.5, 1, 1, 3, 0, 0, 0
-0.706667, 0.145, 0.5, 2, 1, 3, 0, 0, 0
-0.585, 0.145, 0.5, 3, 1, 3, 0, 0, 0
-0.463333, 0.145, 0.5, 4, 1, 3, 0, 0, 0
-0.341667, 0.145, 0.5, 5, 1, 3, 0, 0, 0
-0.22, 0.145, 0.5, 6, 1, 3, 0, 0, 0
-0.95, 0.29, 0.5, 0, 2, 3, 0, 0, 0
-0.828333, 0.29, 0.5, 1, 2, 3, 0, 0, 0
-0.706667, 0.29, 0.5, 2, 2, 3, 0, 0, 0
-0.585, 0.29, 0.5, 3, 2, 3, 0, 0, 0
-0.463333, 0.29, 0.5, 4, 2, 3, 0, 0, 0
-0.341667, 0.29, 0.5, 5, 2, 3, 0, 0, 0
-0.22, 0.29, 0.5, 6, 2, 3, 0, 0, 0
-0.95, 0.435, 0.5, 0, 3, 3, 0, 0, 0
-0.828333, 0.435, 0.5, 1, 3, 3, 0, 0, 0
-0.706667, 0.435, 0.5, 2, 3, 3, 0, 0, 0
-0.585, 0.435, 0.5, 3, 3, 3, 0, 0, 0
-0.463333, 0.435, 0.5, 4, 3, 3, 0, 0, 0
-0.341667, 0.435, 0.5, 5, 3, 3, 0, 0, 0
-0.22, 0.435, 0.5, 6, 3, 3, 0, 0, 0
-0.95, 0.58, 0.5, 0, 4, 3, 0, 0, 0
-0.828333, 0.58, 0.5, 1, 4, 3, 0, 0, 0
-0.706667, 0.58, 0.5, 2, 4, 3, 0, 0, 0
-0.585, 0.58, 0.5, 3, 4, 3, 0, 0, 0
-0.463333, 0.58, 0.5, 4, 4, 3, 0, 0, 0
-0.341667, 0.58, 0.5, 5, 4, 3, 0, 0, 0
-0.22, 0.58, 0.5, 6, 4, 3, 0, 0, 0
-0.95, 0.725, 0.5, 0, 5, 3, 0, 0, 0
-0.828333, 0.725, 0.5, 1, 5, 3, 0, 0, 0
-0.706667, 0.725, 0.5, 2, 5, 3, 0, 0, 0
-0.585, 0.725, 0.5, 3, 5, 3, 0, 0, 0
-0.463333, 0.725, 0.5, 4, 5, 3, 0, 0, 0
-0.341667, 0.725, 0.5, 5, 5, 3, 0, 0, 0
-0.22, 0.725, 0.5, 6, 5, 3, 0, 0, 0
-0.95, 0.87, 0.5, 0, 6, 3, 0, 0, 0
-0.828333, 0.87, 0.5, 1, 6, 3, 0, 0, 0
-0.706667, 0.87, 0.5, 2, 6, 3, 0, 0, 0
-0.585, 0.87, 0.5, 3, 6, 3, 0, 0, 0
-0.463333, 0.87, 0.5, 4, 6, 3, 0, 0, 0
-0.341667, 0.87, 0.5, 5, 6, 3, 0, 0, 0
-0.22, 0.87, 0.5, 6, 6, 3, 0, 0, 0
